-- phpMyAdmin SQL Dump
-- version 5.2.1
-- https://www.phpmyadmin.net/
--
-- Gép: 127.0.0.1
-- Létrehozás ideje: 2026. Ápr 25. 13:16
-- Kiszolgáló verziója: 10.4.32-MariaDB
-- PHP verzió: 8.2.12

SET SQL_MODE = "NO_AUTO_VALUE_ON_ZERO";
START TRANSACTION;
SET time_zone = "+00:00";


/*!40101 SET @OLD_CHARACTER_SET_CLIENT=@@CHARACTER_SET_CLIENT */;
/*!40101 SET @OLD_CHARACTER_SET_RESULTS=@@CHARACTER_SET_RESULTS */;
/*!40101 SET @OLD_COLLATION_CONNECTION=@@COLLATION_CONNECTION */;
/*!40101 SET NAMES utf8mb4 */;

--
-- Adatbázis: `web2_2`
--

-- --------------------------------------------------------

--
-- Tábla szerkezet ehhez a táblához `hely`
--

CREATE TABLE `hely` (
  `az` int(11) NOT NULL,
  `telepules` varchar(100) NOT NULL,
  `utca` varchar(100) NOT NULL
) ENGINE=InnoDB DEFAULT CHARSET=utf8mb4 COLLATE=utf8mb4_general_ci;

--
-- A tábla adatainak kiíratása `hely`
--

INSERT INTO `hely` (`az`, `telepules`, `utca`) VALUES
(1, 'Kőváros', 'Gyimes u. 83.'),
(2, 'Zöldhely', 'Bérc u. 96.'),
(3, 'Barackfalva', 'Erdőss u. 18.'),
(4, 'Kékség', 'Aszú u. 33.'),
(5, 'Kőváros', 'Agyag u. 71.'),
(6, 'Kékség', 'Csokor u. 4.'),
(7, 'Zöldhely', 'Gőz tér 95.'),
(8, 'Sárgahegy', 'Főnök u. 55.'),
(9, 'Sárgahegy', 'Fenyő u. 24.'),
(10, 'Sárgahegy', 'Cselló u. 25.'),
(11, 'Kőváros', 'Felvidék u. 64.'),
(12, 'Barackfalva', 'Avar u. 89.'),
(13, 'Kőváros', 'Áldás u. 25.'),
(14, 'Kékség', 'Katica u. 56.'),
(15, 'Zöldhely', 'Jupiter u. 54.'),
(16, 'Barackfalva', 'Búza u. 45.'),
(17, 'Barackfalva', 'Csángó u. 101.'),
(18, 'Barackfalva', 'Csend u. 72.'),
(19, 'Kékség', 'Bajor u. 95.'),
(20, 'Sárgahegy', 'Gyimes u. 84.'),
(21, 'Barackfalva', 'Határ u. 21.'),
(22, 'Sárgahegy', 'Kavics u. 103.'),
(23, 'Kékség', 'Kör u. 21.'),
(24, 'Barackfalva', 'Csatár u. 93.'),
(25, 'Kőváros', 'Hír u. 34.'),
(26, 'Sárgahegy', 'Bicska u. 19.'),
(27, 'Barackfalva', 'Citrus u. 61.'),
(28, 'Barackfalva', 'Fő u. 30.'),
(29, 'Barackfalva', 'Húr u. 15.'),
(30, 'Sárgahegy', 'Csordás u. 30.'),
(31, 'Sárgahegy', 'Bácskai u. 79.'),
(32, 'Kékség', 'Arnold u. 53.'),
(33, 'Barackfalva', 'Akna u. 51.'),
(34, 'Barackfalva', 'Állomás u. 58.'),
(35, 'Sárgahegy', 'Furulya u. 24.'),
(36, 'Sárgahegy', 'Gőz u. 87.'),
(37, 'Barackfalva', 'Aknász u. 101.'),
(38, 'Kőváros', 'Harcsa u. 2.'),
(39, 'Kőváros', 'Delfin u. 21.'),
(40, 'Kékség', 'Gébics u. 11.'),
(41, 'Kékség', 'Béla u. 21.'),
(42, 'Kékség', 'Barlang u. 49.'),
(43, 'Kőváros', 'Berek u. 16.'),
(44, 'Kékség', 'Igló u. 58.'),
(45, 'Barackfalva', 'Kék u. 51.'),
(46, 'Zöldhely', 'Alom u. 52.'),
(47, 'Kékség', 'Igló u. 45.'),
(48, 'Zöldhely', 'Kőszeg u. 37.'),
(49, 'Kékség', 'Kincs u. 78.'),
(50, 'Sárgahegy', 'Bendő u. 22.');

-- --------------------------------------------------------

--
-- Tábla szerkezet ehhez a táblához `munkalap`
--

CREATE TABLE `munkalap` (
  `bedatum` date NOT NULL,
  `javdatum` date NOT NULL,
  `munkaora` int(11) NOT NULL,
  `helyaz` int(11) NOT NULL,
  `szereloaz` int(11) NOT NULL,
  `anyagar` int(11) NOT NULL
) ENGINE=InnoDB DEFAULT CHARSET=utf8mb4 COLLATE=utf8mb4_general_ci;

--
-- A tábla adatainak kiíratása `munkalap`
--

INSERT INTO `munkalap` (`bedatum`, `javdatum`, `munkaora`, `helyaz`, `szereloaz`, `anyagar`) VALUES
('2001-05-28', '2001-05-31', 163, 5, 2, 3721),
('2001-02-26', '2001-03-02', 96, 3, 3, 1432),
('2001-03-19', '2001-03-22', 242, 6, 3, 3016),
('2001-05-14', '2001-05-16', 452, 2, 3, 1434),
('2001-05-24', '2001-05-26', 171, 2, 2, 2666),
('2001-04-11', '2001-04-14', 391, 6, 1, 901),
('2001-08-29', '2001-08-30', 114, 4, 1, 3498),
('2001-07-07', '2001-07-09', 488, 5, 3, 5186),
('2001-09-11', '2001-09-15', 308, 5, 1, 4377),
('2001-08-30', '2001-08-31', 327, 2, 1, 2962),
('2001-12-19', '2001-12-22', 59, 4, 3, 3185),
('2001-09-14', '2001-09-15', 393, 5, 3, 3756),
('2001-10-11', '2001-10-14', 401, 4, 1, 2894),
('2001-04-13', '2001-04-13', 190, 4, 1, 4259),
('2001-05-20', '2001-05-23', 45, 6, 3, 1636),
('2001-01-29', '2001-01-31', 372, 3, 1, 2250),
('2001-12-21', '2001-12-24', 169, 6, 1, 5085),
('2002-01-08', '2002-01-10', 216, 2, 2, 2023),
('2001-11-13', '2001-11-13', 430, 1, 3, 5407),
('2001-10-22', '2001-10-22', 100, 3, 1, 1255),
('2001-01-19', '2001-01-20', 366, 2, 1, 1788),
('2001-12-22', '2001-12-23', 355, 2, 1, 713),
('2001-04-12', '2001-04-15', 135, 5, 3, 4308),
('2001-09-07', '2001-09-07', 279, 5, 1, 1023),
('2002-01-22', '2002-01-26', 221, 3, 1, 1130),
('2002-01-30', '2002-02-03', 35, 6, 1, 1022),
('2001-10-02', '2001-10-04', 445, 5, 1, 1155),
('2001-02-19', '2001-02-22', 271, 1, 1, 2378),
('2001-08-26', '2001-08-30', 412, 1, 1, 2938),
('2001-03-19', '2001-03-22', 484, 5, 1, 3366),
('2001-02-20', '2001-02-22', 430, 5, 2, 1567),
('2001-05-07', '2001-05-10', 245, 1, 1, 1730),
('2001-12-03', '2001-12-06', 313, 4, 2, 3489),
('2001-08-27', '2001-08-27', 462, 6, 1, 4930),
('2001-07-21', '2001-07-25', 214, 3, 2, 1172),
('2001-12-15', '2001-12-16', 411, 5, 1, 3928),
('2001-11-06', '2001-11-10', 194, 5, 3, 5491),
('2001-01-28', '2001-01-30', 175, 4, 1, 4733),
('2001-09-05', '2001-09-08', 143, 1, 3, 4853),
('2001-11-30', '2001-12-01', 279, 6, 1, 1520),
('2001-03-05', '2001-03-07', 312, 4, 2, 2844),
('2001-06-11', '2001-06-13', 128, 3, 1, 1990),
('2001-07-02', '2001-07-04', 402, 6, 3, 5120),
('2001-08-14', '2001-08-17', 275, 2, 2, 3301),
('2001-09-19', '2001-09-21', 198, 5, 1, 1877),
('2001-10-03', '2001-10-06', 355, 1, 3, 4230),
('2001-11-12', '2001-11-14', 167, 4, 1, 1390),
('2001-12-01', '2001-12-03', 289, 3, 2, 2765),
('2002-01-05', '2002-01-07', 412, 6, 3, 5012),
('2002-01-18', '2002-01-20', 144, 2, 1, 980),
('2001-03-22', '2001-03-25', 233, 5, 2, 2104),
('2001-04-02', '2001-04-04', 321, 1, 1, 3677),
('2001-05-11', '2001-05-13', 276, 4, 3, 4120),
('2001-06-09', '2001-06-11', 199, 3, 1, 1540),
('2001-07-18', '2001-07-20', 388, 6, 2, 4988),
('2001-08-05', '2001-08-07', 265, 2, 3, 3102),
('2001-09-01', '2001-09-03', 178, 5, 1, 1420),
('2001-10-15', '2001-10-17', 301, 1, 2, 3890),
('2001-11-08', '2001-11-10', 244, 4, 3, 2755),
('2001-12-27', '2001-12-29', 412, 3, 1, 5200),
('2002-01-12', '2002-01-14', 165, 6, 2, 1890),
('2002-01-25', '2002-01-27', 298, 2, 3, 3300),
('2001-03-14', '2001-03-16', 355, 5, 1, 4100),
('2001-04-28', '2001-04-30', 221, 1, 2, 2050),
('2001-05-19', '2001-05-21', 412, 4, 3, 4999),
('2001-06-23', '2001-06-25', 178, 3, 1, 1500),
('2001-07-30', '2001-08-01', 266, 6, 2, 2870),
('2001-08-18', '2001-08-20', 399, 2, 3, 4550),
('2001-09-27', '2001-09-29', 187, 5, 1, 1670),
('2001-10-19', '2001-10-21', 344, 1, 2, 3800),
('2001-11-25', '2001-11-27', 255, 4, 3, 2990),
('2001-12-09', '2001-12-11', 412, 3, 1, 5100),
('2002-01-03', '2002-01-05', 199, 6, 2, 1750),
('2002-01-16', '2002-01-18', 322, 2, 3, 3400),
('2001-03-09', '2001-03-11', 288, 5, 1, 2600),
('2001-04-06', '2001-04-08', 177, 1, 2, 1400),
('2001-05-02', '2001-05-04', 399, 4, 3, 4700),
('2001-06-14', '2001-06-16', 210, 3, 1, 1800),
('2001-07-26', '2001-07-28', 355, 6, 2, 4200),
('2001-08-22', '2001-08-24', 188, 2, 3, 1600),
('2001-09-03', '2001-09-05', 265, 4, 2, 3100),
('2001-10-07', '2001-10-09', 188, 3, 1, 1750),
('2001-11-14', '2001-11-16', 355, 6, 3, 4205),
('2001-12-04', '2001-12-06', 299, 2, 2, 2890),
('2002-01-10', '2002-01-12', 412, 5, 1, 5102),
('2002-01-23', '2002-01-25', 233, 1, 3, 2100),
('2001-03-27', '2001-03-29', 178, 4, 1, 1600),
('2001-04-18', '2001-04-20', 322, 3, 2, 3405),
('2001-05-29', '2001-05-31', 255, 6, 3, 2999),
('2001-06-20', '2001-06-22', 410, 2, 1, 4800),
('2001-07-11', '2001-07-13', 199, 5, 2, 1755),
('2001-08-03', '2001-08-05', 355, 1, 3, 4200),
('2001-09-22', '2001-09-24', 266, 4, 1, 2875),
('2001-10-28', '2001-10-30', 188, 3, 2, 1602),
('2001-11-19', '2001-11-21', 399, 6, 3, 4555),
('2001-12-13', '2001-12-15', 210, 2, 1, 1802),
('2002-01-02', '2002-01-04', 355, 5, 2, 4201),
('2002-01-15', '2002-01-17', 188, 1, 3, 1601),
('2001-03-11', '2001-03-13', 322, 4, 1, 3402),
('2001-04-09', '2001-04-11', 255, 3, 2, 2992),
('2001-05-03', '2001-05-05', 410, 6, 3, 4805),
('2001-06-16', '2001-06-18', 199, 2, 1, 1752),
('2001-07-27', '2001-07-29', 355, 5, 2, 4203),
('2001-08-23', '2001-08-25', 266, 1, 3, 2872),
('2001-09-28', '2001-09-30', 188, 4, 1, 1603),
('2001-10-20', '2001-10-22', 399, 3, 2, 4552),
('2001-11-26', '2001-11-28', 210, 6, 3, 1801),
('2001-12-10', '2001-12-12', 355, 2, 1, 4204),
('2002-01-04', '2002-01-06', 188, 5, 2, 1604),
('2002-01-17', '2002-01-19', 322, 1, 3, 3403),
('2001-03-08', '2001-03-10', 255, 4, 1, 2991),
('2001-04-05', '2001-04-07', 410, 3, 2, 4801),
('2001-05-01', '2001-05-03', 199, 6, 3, 1751),
('2001-06-13', '2001-06-15', 355, 2, 1, 4202),
('2001-07-25', '2001-07-27', 266, 5, 2, 2871),
('2001-08-21', '2001-08-23', 188, 1, 3, 1605),
('2001-09-26', '2001-09-28', 399, 4, 1, 4551),
('2001-10-18', '2001-10-20', 210, 3, 2, 1803),
('2001-11-24', '2001-11-26', 355, 6, 3, 4206),
('2001-12-08', '2001-12-10', 188, 2, 1, 1606),
('2001-03-07', '2001-03-09', 210, 5, 2, 1890),
('2001-04-03', '2001-04-05', 355, 1, 3, 4208),
('2001-05-06', '2001-05-08', 266, 4, 1, 2878),
('2001-06-12', '2001-06-14', 188, 3, 2, 1608),
('2001-07-24', '2001-07-26', 399, 6, 3, 4558),
('2001-08-19', '2001-08-21', 210, 2, 1, 1807),
('2001-09-25', '2001-09-27', 355, 5, 2, 4209),
('2001-10-17', '2001-10-19', 188, 1, 3, 1609),
('2001-11-23', '2001-11-25', 322, 4, 1, 3409),
('2001-12-07', '2001-12-09', 255, 3, 2, 2995),
('2002-01-01', '2002-01-03', 410, 6, 3, 4809),
('2002-01-14', '2002-01-16', 199, 2, 1, 1758),
('2001-03-10', '2001-03-12', 355, 5, 2, 4210),
('2001-04-08', '2001-04-10', 266, 1, 3, 2879),
('2001-05-04', '2001-05-06', 188, 4, 1, 1610),
('2001-06-15', '2001-06-17', 399, 3, 2, 4559),
('2001-07-28', '2001-07-30', 210, 6, 3, 1809),
('2001-08-24', '2001-08-26', 355, 2, 1, 4211),
('2001-09-29', '2001-10-01', 188, 5, 2, 1611),
('2001-10-21', '2001-10-23', 322, 1, 3, 3410),
('2001-11-27', '2001-11-29', 255, 4, 1, 2996),
('2001-12-11', '2001-12-13', 410, 3, 2, 4810),
('2002-01-05', '2002-01-07', 199, 6, 3, 1759),
('2002-01-18', '2002-01-20', 355, 2, 1, 4212),
('2001-03-06', '2001-03-08', 266, 5, 2, 2880),
('2001-04-04', '2001-04-06', 188, 1, 3, 1612),
('2001-05-08', '2001-05-10', 399, 4, 1, 4560),
('2001-06-18', '2001-06-20', 210, 3, 2, 1810),
('2001-07-29', '2001-07-31', 355, 6, 3, 4213),
('2001-08-25', '2001-08-27', 188, 2, 1, 1613),
('2001-09-30', '2001-10-02', 322, 5, 2, 3411),
('2001-10-22', '2001-10-24', 255, 1, 3, 2997),
('2001-11-28', '2001-11-30', 410, 4, 1, 4811),
('2001-12-12', '2001-12-14', 199, 3, 2, 1760),
('2002-01-06', '2002-01-08', 355, 6, 3, 4214),
('2002-01-19', '2002-01-21', 266, 2, 1, 2881),
('2001-03-12', '2001-03-14', 188, 5, 2, 1614),
('2001-04-10', '2001-04-12', 399, 1, 3, 4561),
('2001-05-05', '2001-05-07', 210, 4, 1, 1811),
('2001-06-17', '2001-06-19', 355, 3, 2, 4215),
('2001-07-23', '2001-07-25', 266, 5, 2, 2873),
('2001-08-17', '2001-08-19', 188, 1, 3, 1607),
('2001-09-24', '2001-09-26', 399, 4, 1, 4557),
('2001-10-16', '2001-10-18', 210, 3, 2, 1806),
('2001-11-22', '2001-11-24', 355, 6, 3, 4207),
('2001-12-06', '2001-12-08', 188, 2, 1, 1615),
('2002-01-09', '2002-01-11', 322, 5, 2, 3412),
('2002-01-22', '2002-01-24', 255, 1, 3, 2998),
('2001-03-04', '2001-03-06', 410, 4, 1, 4812),
('2001-04-01', '2001-04-03', 199, 3, 2, 1761),
('2001-05-09', '2001-05-11', 355, 6, 3, 4216),
('2001-06-19', '2001-06-21', 266, 2, 1, 2882),
('2001-07-31', '2001-08-02', 188, 5, 2, 1616),
('2001-08-26', '2001-08-28', 399, 1, 3, 4562),
('2001-09-27', '2001-09-29', 210, 4, 1, 1812),
('2001-10-23', '2001-10-25', 355, 3, 2, 4217),
('2001-11-29', '2001-12-01', 188, 6, 3, 1617),
('2001-12-13', '2001-12-15', 322, 2, 1, 3413),
('2002-01-07', '2002-01-09', 255, 5, 2, 2999),
('2002-01-20', '2002-01-22', 410, 1, 3, 4813),
('2001-03-13', '2001-03-15', 199, 4, 1, 1762),
('2001-04-11', '2001-04-13', 355, 3, 2, 4218),
('2001-05-10', '2001-05-12', 266, 6, 3, 2883),
('2001-06-21', '2001-06-23', 188, 2, 1, 1618),
('2001-07-30', '2001-08-01', 399, 5, 2, 4563),
('2001-08-27', '2001-08-29', 210, 1, 3, 1813),
('2001-09-28', '2001-09-30', 355, 4, 1, 4219),
('2001-10-24', '2001-10-26', 188, 3, 2, 1619),
('2001-11-30', '2001-12-02', 322, 6, 3, 3414),
('2001-12-14', '2001-12-16', 255, 2, 1, 2990),
('2002-01-08', '2002-01-10', 410, 5, 2, 4814),
('2002-01-21', '2002-01-23', 199, 1, 3, 1763),
('2001-03-15', '2001-03-17', 355, 4, 1, 4220),
('2001-04-13', '2001-04-15', 266, 3, 2, 2884),
('2001-05-12', '2001-05-14', 188, 6, 3, 1620),
('2001-06-22', '2001-06-24', 399, 2, 1, 4564),
('2001-07-30', '2001-08-01', 210, 5, 2, 1814),
('2001-08-28', '2001-08-30', 355, 1, 3, 4221),
('2001-09-29', '2001-10-01', 188, 4, 1, 1621),
('2001-10-25', '2001-10-27', 322, 3, 2, 3415),
('2001-11-01', '2001-11-03', 355, 6, 3, 4222),
('2001-12-05', '2001-12-07', 266, 2, 1, 2885),
('2002-01-11', '2002-01-13', 188, 5, 2, 1622),
('2002-01-24', '2002-01-26', 399, 1, 3, 4565),
('2001-03-16', '2001-03-18', 210, 4, 1, 1815),
('2001-04-14', '2001-04-16', 355, 3, 2, 4223),
('2001-05-13', '2001-05-15', 266, 6, 3, 2886),
('2001-06-23', '2001-06-25', 188, 2, 1, 1623),
('2001-07-31', '2001-08-02', 399, 5, 2, 4566),
('2001-08-29', '2001-08-31', 210, 1, 3, 1816),
('2001-09-30', '2001-10-02', 355, 4, 1, 4224),
('2001-10-26', '2001-10-28', 266, 3, 2, 2887),
('2001-11-30', '2001-12-02', 188, 6, 3, 1624),
('2001-12-14', '2001-12-16', 399, 2, 1, 4567),
('2002-01-09', '2002-01-11', 210, 5, 2, 1817),
('2002-01-22', '2002-01-24', 355, 1, 3, 4225),
('2001-03-17', '2001-03-19', 266, 4, 1, 2888),
('2001-04-15', '2001-04-17', 188, 3, 2, 1625),
('2001-05-14', '2001-05-16', 399, 6, 3, 4568),
('2001-06-24', '2001-06-26', 210, 2, 1, 1818),
('2001-07-30', '2001-08-01', 355, 5, 2, 4226),
('2001-08-28', '2001-08-30', 266, 1, 3, 2889),
('2001-09-29', '2001-10-01', 188, 4, 1, 1626),
('2001-10-27', '2001-10-29', 399, 3, 2, 4569),
('2001-11-29', '2001-12-01', 210, 6, 3, 1819),
('2001-12-13', '2001-12-15', 355, 2, 1, 4227),
('2002-01-08', '2002-01-10', 266, 5, 2, 2890),
('2002-01-21', '2002-01-23', 188, 1, 3, 1627),
('2001-03-18', '2001-03-20', 399, 4, 1, 4570),
('2001-04-16', '2001-04-18', 210, 3, 2, 1820),
('2001-05-15', '2001-05-17', 355, 6, 3, 4228),
('2001-06-25', '2001-06-27', 266, 2, 1, 2891),
('2001-07-31', '2001-08-02', 188, 5, 2, 1628),
('2001-08-29', '2001-08-31', 399, 1, 3, 4571),
('2001-09-30', '2001-10-02', 210, 4, 1, 1821),
('2001-10-28', '2001-10-30', 355, 3, 2, 4229),
('2001-11-30', '2001-12-02', 266, 6, 3, 2892),
('2001-12-14', '2001-12-16', 188, 2, 1, 1629),
('2002-01-09', '2002-01-11', 399, 5, 2, 4572),
('2002-01-22', '2002-01-24', 210, 1, 3, 1822),
('2001-11-02', '2001-11-04', 355, 6, 3, 4230),
('2001-12-06', '2001-12-08', 266, 2, 1, 2893),
('2002-01-12', '2002-01-14', 188, 5, 2, 1630),
('2002-01-25', '2002-01-27', 399, 1, 3, 4573),
('2001-03-19', '2001-03-21', 210, 4, 1, 1823),
('2001-04-17', '2001-04-19', 355, 3, 2, 4231),
('2001-05-16', '2001-05-18', 266, 6, 3, 2894),
('2001-06-26', '2001-06-28', 188, 2, 1, 1631),
('2001-08-01', '2001-08-03', 399, 5, 2, 4574),
('2001-08-30', '2001-09-01', 210, 1, 3, 1824),
('2001-10-01', '2001-10-03', 355, 4, 1, 4232),
('2001-10-29', '2001-10-31', 266, 3, 2, 2895),
('2001-12-01', '2001-12-03', 188, 6, 3, 1632),
('2001-12-15', '2001-12-17', 399, 2, 1, 4575),
('2002-01-10', '2002-01-12', 210, 5, 2, 1825),
('2002-01-23', '2002-01-25', 355, 1, 3, 4233),
('2001-03-20', '2001-03-22', 266, 4, 1, 2896),
('2001-04-18', '2001-04-20', 188, 3, 2, 1633),
('2001-05-17', '2001-05-19', 399, 6, 3, 4576),
('2001-06-27', '2001-06-29', 210, 2, 1, 1826),
('2001-07-31', '2001-08-02', 355, 5, 2, 4234),
('2001-08-29', '2001-08-31', 266, 1, 3, 2897),
('2001-09-30', '2001-10-02', 188, 4, 1, 1634),
('2001-10-30', '2001-11-01', 399, 3, 2, 4577),
('2001-11-30', '2001-12-02', 210, 6, 3, 1827),
('2001-12-15', '2001-12-17', 355, 2, 1, 4235),
('2002-01-09', '2002-01-11', 266, 5, 2, 2898),
('2002-01-22', '2002-01-24', 188, 1, 3, 1635),
('2001-03-21', '2001-03-23', 399, 4, 1, 4578),
('2001-04-19', '2001-04-21', 210, 3, 2, 1828),
('2001-05-18', '2001-05-20', 355, 6, 3, 4236),
('2001-06-28', '2001-06-30', 266, 2, 1, 2899),
('2001-08-01', '2001-08-03', 188, 5, 2, 1636),
('2001-08-30', '2001-09-01', 399, 1, 3, 4579),
('2001-10-01', '2001-10-03', 210, 4, 1, 1829),
('2001-10-31', '2001-11-02', 355, 3, 2, 4237),
('2001-12-02', '2001-12-04', 266, 6, 3, 2900),
('2001-12-16', '2001-12-18', 188, 2, 1, 1637),
('2002-01-10', '2002-01-12', 399, 5, 2, 4580),
('2002-01-23', '2002-01-25', 210, 1, 3, 1830),
('2001-11-03', '2001-11-05', 355, 6, 3, 4238),
('2001-12-07', '2001-12-09', 266, 2, 1, 2901),
('2002-01-13', '2002-01-15', 188, 5, 2, 1638),
('2002-01-26', '2002-01-28', 399, 1, 3, 4581),
('2001-03-22', '2001-03-24', 210, 4, 1, 1831),
('2001-04-20', '2001-04-22', 355, 3, 2, 4239),
('2001-05-18', '2001-05-20', 266, 6, 3, 2902),
('2001-06-28', '2001-06-30', 188, 2, 1, 1639),
('2001-08-02', '2001-08-04', 399, 5, 2, 4582),
('2001-08-31', '2001-09-02', 210, 1, 3, 1832),
('2001-10-02', '2001-10-04', 355, 4, 1, 4240),
('2001-10-31', '2001-11-02', 266, 3, 2, 2903),
('2001-12-02', '2001-12-04', 188, 6, 3, 1640),
('2001-12-16', '2001-12-18', 399, 2, 1, 4583),
('2002-01-11', '2002-01-13', 210, 5, 2, 1833),
('2002-01-24', '2002-01-26', 355, 1, 3, 4241),
('2001-03-23', '2001-03-25', 266, 4, 1, 2904),
('2001-04-21', '2001-04-23', 188, 3, 2, 1641),
('2001-05-19', '2001-05-21', 399, 6, 3, 4584),
('2001-06-29', '2001-07-01', 210, 2, 1, 1834),
('2001-08-03', '2001-08-05', 355, 5, 2, 4242),
('2001-09-01', '2001-09-03', 266, 1, 3, 2905),
('2001-10-03', '2001-10-05', 188, 4, 1, 1642),
('2001-11-01', '2001-11-03', 399, 3, 2, 4585),
('2001-12-03', '2001-12-05', 210, 6, 3, 1835),
('2001-12-17', '2001-12-19', 355, 2, 1, 4243),
('2002-01-12', '2002-01-14', 266, 5, 2, 2906),
('2002-01-25', '2002-01-27', 188, 1, 3, 1643),
('2001-03-24', '2001-03-26', 399, 4, 1, 4586),
('2001-04-22', '2001-04-24', 210, 3, 2, 1836),
('2001-05-20', '2001-05-22', 355, 6, 3, 4244),
('2001-06-30', '2001-07-02', 266, 2, 1, 2907),
('2001-08-04', '2001-08-06', 188, 5, 2, 1644),
('2001-09-02', '2001-09-04', 399, 1, 3, 4587),
('2001-10-04', '2001-10-06', 210, 4, 1, 1837),
('2001-11-02', '2001-11-04', 355, 3, 2, 4245),
('2001-12-04', '2001-12-06', 266, 6, 3, 2908),
('2001-12-18', '2001-12-20', 188, 2, 1, 1645),
('2002-01-13', '2002-01-15', 399, 5, 2, 4588),
('2002-01-26', '2002-01-28', 210, 1, 3, 1838),
('2001-11-04', '2001-11-06', 355, 6, 3, 4246),
('2001-12-08', '2001-12-10', 266, 2, 1, 2909),
('2002-01-14', '2002-01-16', 188, 5, 2, 1646),
('2002-01-27', '2002-01-29', 399, 1, 3, 4589),
('2001-03-25', '2001-03-27', 210, 4, 1, 1839),
('2001-04-23', '2001-04-25', 355, 3, 2, 4247),
('2001-05-21', '2001-05-23', 266, 6, 3, 2910),
('2001-06-29', '2001-07-01', 188, 2, 1, 1647),
('2001-08-05', '2001-08-07', 399, 5, 2, 4590),
('2001-09-03', '2001-09-05', 210, 1, 3, 1840),
('2001-10-05', '2001-10-07', 355, 4, 1, 4248),
('2001-11-03', '2001-11-05', 266, 3, 2, 2911),
('2001-12-05', '2001-12-07', 188, 6, 3, 1648),
('2001-12-19', '2001-12-21', 399, 2, 1, 4591),
('2002-01-15', '2002-01-17', 210, 5, 2, 1841),
('2002-01-28', '2002-01-30', 355, 1, 3, 4249),
('2001-03-26', '2001-03-28', 266, 4, 1, 2912),
('2001-04-24', '2001-04-26', 188, 3, 2, 1649),
('2001-05-22', '2001-05-24', 399, 6, 3, 4592),
('2001-06-30', '2001-07-02', 210, 2, 1, 1842),
('2001-08-06', '2001-08-08', 355, 5, 2, 4250),
('2001-09-04', '2001-09-06', 266, 1, 3, 2913),
('2001-10-06', '2001-10-08', 188, 4, 1, 1650),
('2001-11-04', '2001-11-06', 399, 3, 2, 4593),
('2001-12-06', '2001-12-08', 210, 6, 3, 1843),
('2001-12-20', '2001-12-22', 355, 2, 1, 4251),
('2002-01-13', '2002-01-15', 266, 5, 2, 2914),
('2002-01-26', '2002-01-28', 188, 1, 3, 1651),
('2001-03-27', '2001-03-29', 399, 4, 1, 4594),
('2001-04-25', '2001-04-27', 210, 3, 2, 1844),
('2001-05-23', '2001-05-25', 355, 6, 3, 4252),
('2001-07-01', '2001-07-03', 266, 2, 1, 2915),
('2001-08-07', '2001-08-09', 188, 5, 2, 1652),
('2001-09-05', '2001-09-07', 399, 1, 3, 4595),
('2001-10-07', '2001-10-09', 210, 4, 1, 1845),
('2001-11-05', '2001-11-07', 355, 3, 2, 4253),
('2001-12-07', '2001-12-09', 266, 6, 3, 2916),
('2001-12-21', '2001-12-23', 188, 2, 1, 1653),
('2002-01-14', '2002-01-16', 399, 5, 2, 4596),
('2002-01-27', '2002-01-29', 210, 1, 3, 1846),
('2001-11-06', '2001-11-08', 355, 6, 3, 4254),
('2001-12-10', '2001-12-12', 266, 2, 1, 2917),
('2002-01-16', '2002-01-18', 188, 5, 2, 1654),
('2002-01-29', '2002-01-31', 399, 1, 3, 4597),
('2001-03-28', '2001-03-30', 210, 4, 1, 1847),
('2001-04-26', '2001-04-28', 355, 3, 2, 4255),
('2001-05-24', '2001-05-26', 266, 6, 3, 2918),
('2001-07-02', '2001-07-04', 188, 2, 1, 1655),
('2001-08-08', '2001-08-10', 399, 5, 2, 4598),
('2001-09-06', '2001-09-08', 210, 1, 3, 1848),
('2001-10-08', '2001-10-10', 355, 4, 1, 4256),
('2001-11-06', '2001-11-08', 266, 3, 2, 2919),
('2001-12-08', '2001-12-10', 188, 6, 3, 1656),
('2001-12-22', '2001-12-24', 399, 2, 1, 4599),
('2002-01-17', '2002-01-19', 210, 5, 2, 1849),
('2002-01-30', '2002-02-01', 355, 1, 3, 4257),
('2001-03-29', '2001-03-31', 266, 4, 1, 2920),
('2001-04-27', '2001-04-29', 188, 3, 2, 1657),
('2001-05-25', '2001-05-27', 399, 6, 3, 4600),
('2001-07-03', '2001-07-05', 210, 2, 1, 1850),
('2001-08-09', '2001-08-11', 355, 5, 2, 4258),
('2001-09-07', '2001-09-09', 266, 1, 3, 2921),
('2001-10-09', '2001-10-11', 188, 4, 1, 1658),
('2001-11-07', '2001-11-09', 399, 3, 2, 4601),
('2001-12-09', '2001-12-11', 210, 6, 3, 1851),
('2001-12-23', '2001-12-25', 355, 2, 1, 4259),
('2002-01-14', '2002-01-16', 266, 5, 2, 2922),
('2002-01-27', '2002-01-29', 188, 1, 3, 1659),
('2001-03-30', '2001-04-01', 399, 4, 1, 4602),
('2001-04-28', '2001-04-30', 210, 3, 2, 1852),
('2001-05-26', '2001-05-28', 355, 6, 3, 4260),
('2001-07-04', '2001-07-06', 266, 2, 1, 2923),
('2001-08-10', '2001-08-12', 188, 5, 2, 1660),
('2001-09-08', '2001-09-10', 399, 1, 3, 4603),
('2001-10-10', '2001-10-12', 210, 4, 1, 1853),
('2001-11-08', '2001-11-10', 355, 3, 2, 4261),
('2001-12-10', '2001-12-12', 266, 6, 3, 2924),
('2001-12-24', '2001-12-26', 188, 2, 1, 1661),
('2002-01-15', '2002-01-17', 399, 5, 2, 4604),
('2002-01-28', '2002-01-30', 210, 1, 3, 1854),
('2001-11-09', '2001-11-11', 355, 6, 3, 4262),
('2001-12-11', '2001-12-13', 266, 2, 1, 2925),
('2002-01-17', '2002-01-19', 188, 5, 2, 1662),
('2002-01-30', '2002-02-01', 399, 1, 3, 4605),
('2001-03-31', '2001-04-02', 210, 4, 1, 1855),
('2001-04-29', '2001-05-01', 355, 3, 2, 4263),
('2001-05-27', '2001-05-29', 266, 6, 3, 2926),
('2001-07-05', '2001-07-07', 188, 2, 1, 1663),
('2001-08-11', '2001-08-13', 399, 5, 2, 4606),
('2001-09-09', '2001-09-11', 210, 1, 3, 1856),
('2001-10-11', '2001-10-13', 355, 4, 1, 4264),
('2001-11-09', '2001-11-11', 266, 3, 2, 2927),
('2001-12-11', '2001-12-13', 188, 6, 3, 1664),
('2001-12-25', '2001-12-27', 399, 2, 1, 4607),
('2002-01-18', '2002-01-20', 210, 5, 2, 1857),
('2002-01-31', '2002-02-02', 355, 1, 3, 4265),
('2001-04-01', '2001-04-03', 266, 4, 1, 2928),
('2001-04-30', '2001-05-02', 188, 3, 2, 1665),
('2001-05-28', '2001-05-30', 399, 6, 3, 4608),
('2001-07-06', '2001-07-08', 210, 2, 1, 1858),
('2001-08-12', '2001-08-14', 355, 5, 2, 4266),
('2001-09-10', '2001-09-12', 266, 1, 3, 2929),
('2001-10-12', '2001-10-14', 188, 4, 1, 1666),
('2001-11-10', '2001-11-12', 399, 3, 2, 4609),
('2001-12-12', '2001-12-14', 210, 6, 3, 1859),
('2001-12-26', '2001-12-28', 355, 2, 1, 4267),
('2002-01-15', '2002-01-17', 266, 5, 2, 2930),
('2002-01-28', '2002-01-30', 188, 1, 3, 1667),
('2001-04-02', '2001-04-04', 399, 4, 1, 4610),
('2001-05-01', '2001-05-03', 210, 3, 2, 1860),
('2001-05-29', '2001-05-31', 355, 6, 3, 4268),
('2001-07-07', '2001-07-09', 266, 2, 1, 2931),
('2001-08-13', '2001-08-15', 188, 5, 2, 1668),
('2001-09-11', '2001-09-13', 399, 1, 3, 4611),
('2001-10-13', '2001-10-15', 210, 4, 1, 1861),
('2001-11-11', '2001-11-13', 355, 3, 2, 4269),
('2001-12-13', '2001-12-15', 266, 6, 3, 2932),
('2001-12-27', '2001-12-29', 188, 2, 1, 1669),
('2002-01-16', '2002-01-18', 399, 5, 2, 4612),
('2002-01-29', '2002-01-31', 210, 1, 3, 1862),
('2001-11-12', '2001-11-14', 355, 6, 3, 4270),
('2001-12-14', '2001-12-16', 266, 2, 1, 2933),
('2002-01-18', '2002-01-20', 188, 5, 2, 1670),
('2002-02-01', '2002-02-03', 399, 1, 3, 4613),
('2001-04-03', '2001-04-05', 210, 4, 1, 1863),
('2001-05-02', '2001-05-04', 355, 3, 2, 4271),
('2001-05-30', '2001-06-01', 266, 6, 3, 2934),
('2001-07-08', '2001-07-10', 188, 2, 1, 1671),
('2001-08-14', '2001-08-16', 399, 5, 2, 4614),
('2001-09-12', '2001-09-14', 210, 1, 3, 1864),
('2001-10-14', '2001-10-16', 355, 4, 1, 4272),
('2001-11-12', '2001-11-14', 266, 3, 2, 2935),
('2001-12-14', '2001-12-16', 188, 6, 3, 1672),
('2001-12-28', '2001-12-30', 399, 2, 1, 4615),
('2002-01-19', '2002-01-21', 210, 5, 2, 1865),
('2002-02-01', '2002-02-03', 355, 1, 3, 4273),
('2001-04-04', '2001-04-06', 266, 4, 1, 2936),
('2001-05-03', '2001-05-05', 188, 3, 2, 1673),
('2001-05-31', '2001-06-02', 399, 6, 3, 4616),
('2001-07-09', '2001-07-11', 210, 2, 1, 1866),
('2001-08-15', '2001-08-17', 355, 5, 2, 4274),
('2001-09-13', '2001-09-15', 266, 1, 3, 2937),
('2001-10-15', '2001-10-17', 188, 4, 1, 1674),
('2001-11-13', '2001-11-15', 399, 3, 2, 4617),
('2001-12-15', '2001-12-17', 210, 6, 3, 1867),
('2001-12-29', '2001-12-31', 355, 2, 1, 4275),
('2002-01-16', '2002-01-18', 266, 5, 2, 2938),
('2002-01-29', '2002-01-31', 188, 1, 3, 1675),
('2001-04-05', '2001-04-07', 399, 4, 1, 4618),
('2001-05-04', '2001-05-06', 210, 3, 2, 1868),
('2001-06-01', '2001-06-03', 355, 6, 3, 4276),
('2001-07-10', '2001-07-12', 266, 2, 1, 2939),
('2001-08-16', '2001-08-18', 188, 5, 2, 1676),
('2001-09-14', '2001-09-16', 399, 1, 3, 4619),
('2001-10-16', '2001-10-18', 210, 4, 1, 1869),
('2001-11-14', '2001-11-16', 355, 3, 2, 4277),
('2001-12-16', '2001-12-18', 266, 6, 3, 2940),
('2001-12-30', '2001-01-01', 188, 2, 1, 1677),
('2002-01-17', '2002-01-19', 399, 5, 2, 4620),
('2002-01-30', '2002-02-01', 210, 1, 3, 1870),
('2001-11-15', '2001-11-17', 355, 6, 3, 4278),
('2001-12-17', '2001-12-19', 266, 2, 1, 2941),
('2002-01-19', '2002-01-21', 188, 5, 2, 1678),
('2002-02-02', '2002-02-04', 399, 1, 3, 4621),
('2001-04-06', '2001-04-08', 210, 4, 1, 1871),
('2001-05-05', '2001-05-07', 355, 3, 2, 4279),
('2001-06-02', '2001-06-04', 266, 6, 3, 2942),
('2001-07-11', '2001-07-13', 188, 2, 1, 1679),
('2001-08-17', '2001-08-19', 399, 5, 2, 4622),
('2001-09-15', '2001-09-17', 210, 1, 3, 1872),
('2001-10-17', '2001-10-19', 355, 4, 1, 4280),
('2001-11-15', '2001-11-17', 266, 3, 2, 2943),
('2001-12-17', '2001-12-19', 188, 6, 3, 1680),
('2001-12-31', '2002-01-02', 399, 2, 1, 4623),
('2002-01-20', '2002-01-22', 210, 5, 2, 1873),
('2002-02-02', '2002-02-04', 355, 1, 3, 4281),
('2001-04-07', '2001-04-09', 266, 4, 1, 2944),
('2001-05-06', '2001-05-08', 188, 3, 2, 1681),
('2001-06-03', '2001-06-05', 399, 6, 3, 4624),
('2001-07-12', '2001-07-14', 210, 2, 1, 1874),
('2001-08-18', '2001-08-20', 355, 5, 2, 4282),
('2001-09-16', '2001-09-18', 266, 1, 3, 2945),
('2001-10-18', '2001-10-20', 188, 4, 1, 1682),
('2001-11-16', '2001-11-18', 399, 3, 2, 4625),
('2001-12-18', '2001-12-20', 210, 6, 3, 1875),
('2002-01-01', '2002-01-03', 355, 2, 1, 4283),
('2002-01-17', '2002-01-19', 266, 5, 2, 2946),
('2002-01-30', '2002-02-01', 188, 1, 3, 1683),
('2001-04-08', '2001-04-10', 399, 4, 1, 4626),
('2001-05-07', '2001-05-09', 210, 3, 2, 1876),
('2001-06-04', '2001-06-06', 355, 6, 3, 4284),
('2001-07-13', '2001-07-15', 266, 2, 1, 2947),
('2001-08-19', '2001-08-21', 188, 5, 2, 1684),
('2001-09-17', '2001-09-19', 399, 1, 3, 4627),
('2001-10-19', '2001-10-21', 210, 4, 1, 1877),
('2001-11-17', '2001-11-19', 355, 3, 2, 4285),
('2001-12-19', '2001-12-21', 266, 6, 3, 2948),
('2002-01-02', '2002-01-04', 188, 2, 1, 1685),
('2002-01-18', '2002-01-20', 399, 5, 2, 4628),
('2002-02-01', '2002-02-03', 210, 1, 3, 1878),
('2001-11-18', '2001-11-20', 355, 6, 3, 4286),
('2001-12-20', '2001-12-22', 266, 2, 1, 2949),
('2002-01-22', '2002-01-24', 188, 5, 2, 1686),
('2002-02-04', '2002-02-06', 399, 1, 3, 4629),
('2001-04-09', '2001-04-11', 210, 4, 1, 1879),
('2001-05-08', '2001-05-10', 355, 3, 2, 4287),
('2001-06-05', '2001-06-07', 266, 6, 3, 2950),
('2001-07-14', '2001-07-16', 188, 2, 1, 1687),
('2001-08-20', '2001-08-22', 399, 5, 2, 4630),
('2001-09-18', '2001-09-20', 210, 1, 3, 1880),
('2001-10-20', '2001-10-22', 355, 4, 1, 4288),
('2001-11-18', '2001-11-20', 266, 3, 2, 2951),
('2001-12-20', '2001-12-22', 188, 6, 3, 1688),
('2002-01-03', '2002-01-05', 399, 2, 1, 4631),
('2002-01-23', '2002-01-25', 210, 5, 2, 1881),
('2002-02-05', '2002-02-07', 355, 1, 3, 4289),
('2001-04-10', '2001-04-12', 266, 4, 1, 2952),
('2001-05-09', '2001-05-11', 188, 3, 2, 1689),
('2001-06-06', '2001-06-08', 399, 6, 3, 4632),
('2001-07-15', '2001-07-17', 210, 2, 1, 1882),
('2001-08-21', '2001-08-23', 355, 5, 2, 4290),
('2001-09-19', '2001-09-21', 266, 1, 3, 2953),
('2001-10-21', '2001-10-23', 188, 4, 1, 1690),
('2001-11-19', '2001-11-21', 399, 3, 2, 4633),
('2001-12-21', '2001-12-23', 210, 6, 3, 1883),
('2002-01-04', '2002-01-06', 355, 2, 1, 4291),
('2002-01-18', '2002-01-20', 266, 5, 2, 2954),
('2002-02-01', '2002-02-03', 188, 1, 3, 1691),
('2001-04-11', '2001-04-13', 399, 4, 1, 4634),
('2001-05-10', '2001-05-12', 210, 3, 2, 1884),
('2001-06-07', '2001-06-09', 355, 6, 3, 4292),
('2001-07-16', '2001-07-18', 266, 2, 1, 2955),
('2001-08-22', '2001-08-24', 188, 5, 2, 1692),
('2001-09-20', '2001-09-22', 399, 1, 3, 4635),
('2001-10-22', '2001-10-24', 210, 4, 1, 1885),
('2001-11-20', '2001-11-22', 355, 3, 2, 4293),
('2001-12-22', '2001-12-24', 266, 6, 3, 2956),
('2002-01-05', '2002-01-07', 188, 2, 1, 1693),
('2002-01-19', '2002-01-21', 399, 5, 2, 4636),
('2002-02-02', '2002-02-04', 210, 1, 3, 1886),
('2001-11-21', '2001-11-23', 355, 6, 3, 4294),
('2001-12-23', '2001-12-25', 266, 2, 1, 2957),
('2002-01-25', '2002-01-27', 188, 5, 2, 1694),
('2002-02-07', '2002-02-09', 399, 1, 3, 4637),
('2001-04-12', '2001-04-14', 210, 4, 1, 1887),
('2001-05-11', '2001-05-13', 355, 3, 2, 4295),
('2001-06-08', '2001-06-10', 266, 6, 3, 2958),
('2001-07-17', '2001-07-19', 188, 2, 1, 1695),
('2001-08-23', '2001-08-25', 399, 5, 2, 4638),
('2001-09-21', '2001-09-23', 210, 1, 3, 1888),
('2001-10-23', '2001-10-25', 355, 4, 1, 4296),
('2001-11-21', '2001-11-23', 266, 3, 2, 2959),
('2001-12-23', '2001-12-25', 188, 6, 3, 1696),
('2002-01-06', '2002-01-08', 399, 2, 1, 4639),
('2002-01-26', '2002-01-28', 210, 5, 2, 1889),
('2002-02-08', '2002-02-10', 355, 1, 3, 4297),
('2001-04-13', '2001-04-15', 266, 4, 1, 2960),
('2001-05-12', '2001-05-14', 188, 3, 2, 1697),
('2001-06-09', '2001-06-11', 399, 6, 3, 4640),
('2001-07-18', '2001-07-20', 210, 2, 1, 1890),
('2001-08-24', '2001-08-26', 355, 5, 2, 4298),
('2001-09-22', '2001-09-24', 266, 1, 3, 2961),
('2001-10-24', '2001-10-26', 188, 4, 1, 1698),
('2001-11-22', '2001-11-24', 399, 3, 2, 4641),
('2001-12-24', '2001-12-26', 210, 6, 3, 1891),
('2002-01-07', '2002-01-09', 355, 2, 1, 4299),
('2002-01-21', '2002-01-23', 266, 5, 2, 2962),
('2002-02-04', '2002-02-06', 188, 1, 3, 1699),
('2001-04-14', '2001-04-16', 399, 4, 1, 4642),
('2001-05-13', '2001-05-15', 210, 3, 2, 1892),
('2001-06-10', '2001-06-12', 355, 6, 3, 4300),
('2001-07-19', '2001-07-21', 266, 2, 1, 2963),
('2001-08-25', '2001-08-27', 188, 5, 2, 1700),
('2001-09-23', '2001-09-25', 399, 1, 3, 4643),
('2001-10-25', '2001-10-27', 210, 4, 1, 1893),
('2001-11-23', '2001-11-25', 355, 3, 2, 4301),
('2001-12-25', '2001-12-27', 266, 6, 3, 2964),
('2002-01-08', '2002-01-10', 188, 2, 1, 1701),
('2002-01-22', '2002-01-24', 399, 5, 2, 4644),
('2002-02-05', '2002-02-07', 210, 1, 3, 1894),
('2001-11-24', '2001-11-26', 355, 6, 3, 4302),
('2001-12-26', '2001-12-28', 266, 2, 1, 2965),
('2002-01-28', '2002-01-30', 188, 5, 2, 1702),
('2002-02-09', '2002-02-11', 399, 1, 3, 4645),
('2001-04-15', '2001-04-17', 210, 4, 1, 1895),
('2001-05-14', '2001-05-16', 355, 3, 2, 4303),
('2001-06-11', '2001-06-13', 266, 6, 3, 2966),
('2001-07-20', '2001-07-22', 188, 2, 1, 1703),
('2001-08-26', '2001-08-28', 399, 5, 2, 4646),
('2001-09-24', '2001-09-26', 210, 1, 3, 1896),
('2001-10-26', '2001-10-28', 355, 4, 1, 4304),
('2001-11-24', '2001-11-26', 266, 3, 2, 2967),
('2001-12-26', '2001-12-28', 188, 6, 3, 1704),
('2002-01-08', '2002-01-10', 399, 2, 1, 4647),
('2002-01-29', '2002-01-31', 210, 5, 2, 1897),
('2002-02-10', '2002-02-12', 355, 1, 3, 4305),
('2001-04-16', '2001-04-18', 266, 4, 1, 2968),
('2001-05-15', '2001-05-17', 188, 3, 2, 1705),
('2001-06-12', '2001-06-14', 399, 6, 3, 4648),
('2001-07-21', '2001-07-23', 210, 2, 1, 1898),
('2001-08-27', '2001-08-29', 355, 5, 2, 4306),
('2001-09-25', '2001-09-27', 266, 1, 3, 2969),
('2001-10-27', '2001-10-29', 188, 4, 1, 1706),
('2001-11-25', '2001-11-27', 399, 3, 2, 4649),
('2001-12-27', '2001-12-29', 210, 6, 3, 1899),
('2002-01-09', '2002-01-11', 355, 2, 1, 4307),
('2002-01-23', '2002-01-25', 266, 5, 2, 2970),
('2002-02-06', '2002-02-08', 188, 1, 3, 1707),
('2001-04-17', '2001-04-19', 399, 4, 1, 4650),
('2001-05-16', '2001-05-18', 210, 3, 2, 1900),
('2001-06-13', '2001-06-15', 355, 6, 3, 4308),
('2001-07-22', '2001-07-24', 266, 2, 1, 2971),
('2001-08-28', '2001-08-30', 188, 5, 2, 1708),
('2001-09-26', '2001-09-28', 399, 1, 3, 4651),
('2001-10-28', '2001-10-30', 210, 4, 1, 1901),
('2001-11-26', '2001-11-28', 355, 3, 2, 4309),
('2001-12-28', '2001-12-30', 266, 6, 3, 2972),
('2002-01-10', '2002-01-12', 188, 2, 1, 1709),
('2002-01-24', '2002-01-26', 399, 5, 2, 4652),
('2002-02-07', '2002-02-09', 210, 1, 3, 1902),
('2001-11-27', '2001-11-29', 355, 6, 3, 4310),
('2001-12-29', '2001-12-31', 266, 2, 1, 2973),
('2002-01-30', '2002-02-01', 188, 5, 2, 1710),
('2002-02-11', '2002-02-13', 399, 1, 3, 4653),
('2001-04-18', '2001-04-20', 210, 4, 1, 1903),
('2001-05-17', '2001-05-19', 355, 3, 2, 4311),
('2001-06-14', '2001-06-16', 266, 6, 3, 2974),
('2001-07-23', '2001-07-25', 188, 2, 1, 1711),
('2001-08-29', '2001-08-31', 399, 5, 2, 4654),
('2001-09-27', '2001-09-29', 210, 1, 3, 1904),
('2001-10-29', '2001-10-31', 355, 4, 1, 4312),
('2001-11-27', '2001-11-29', 266, 3, 2, 2975),
('2001-12-29', '2001-12-31', 188, 6, 3, 1712),
('2002-01-10', '2002-01-12', 399, 2, 1, 4655),
('2002-01-31', '2002-02-02', 210, 5, 2, 1905),
('2002-02-12', '2002-02-14', 355, 1, 3, 4313),
('2001-04-19', '2001-04-21', 266, 4, 1, 2976),
('2001-05-18', '2001-05-20', 188, 3, 2, 1713),
('2001-06-15', '2001-06-17', 399, 6, 3, 4656),
('2001-07-24', '2001-07-26', 210, 2, 1, 1906),
('2001-08-30', '2001-09-01', 355, 5, 2, 4314),
('2001-09-28', '2001-09-30', 266, 1, 3, 2977),
('2001-10-30', '2001-11-01', 188, 4, 1, 1714),
('2001-11-28', '2001-11-30', 399, 3, 2, 4657),
('2001-12-30', '2001-01-01', 210, 6, 3, 1907),
('2002-01-11', '2002-01-13', 355, 2, 1, 4315),
('2002-01-25', '2002-01-27', 266, 5, 2, 2978),
('2002-02-08', '2002-02-10', 188, 1, 3, 1715),
('2001-04-20', '2001-04-22', 399, 4, 1, 4658),
('2001-05-19', '2001-05-21', 210, 3, 2, 1908),
('2001-06-16', '2001-06-18', 355, 6, 3, 4316),
('2001-07-25', '2001-07-27', 266, 2, 1, 2979),
('2001-08-31', '2001-09-02', 188, 5, 2, 1716),
('2001-09-29', '2001-10-01', 399, 1, 3, 4659),
('2001-10-31', '2001-11-02', 210, 4, 1, 1909),
('2001-11-29', '2001-12-01', 355, 3, 2, 4317),
('2001-12-31', '2002-01-02', 266, 6, 3, 2980),
('2002-01-12', '2002-01-14', 188, 2, 1, 1717),
('2002-01-26', '2002-01-28', 399, 5, 2, 4660),
('2002-02-09', '2002-02-11', 210, 1, 3, 1910),
('2001-11-30', '2001-12-02', 355, 6, 3, 4318),
('2002-01-01', '2002-01-03', 266, 2, 1, 2981),
('2002-02-01', '2002-02-03', 188, 5, 2, 1718),
('2002-02-14', '2002-02-16', 399, 1, 3, 4661),
('2001-04-21', '2001-04-23', 210, 4, 1, 1911),
('2001-05-20', '2001-05-22', 355, 3, 2, 4319),
('2001-06-17', '2001-06-19', 266, 6, 3, 2982),
('2001-07-26', '2001-07-28', 188, 2, 1, 1719),
('2001-09-01', '2001-09-03', 399, 5, 2, 4662),
('2001-09-29', '2001-10-01', 210, 1, 3, 1912),
('2001-10-31', '2001-11-02', 355, 4, 1, 4320),
('2001-11-29', '2001-12-01', 266, 3, 2, 2983),
('2001-12-31', '2002-01-02', 188, 6, 3, 1720),
('2002-01-12', '2002-01-14', 399, 2, 1, 4663),
('2002-02-02', '2002-02-04', 210, 5, 2, 1913),
('2002-02-15', '2002-02-17', 355, 1, 3, 4321),
('2001-04-22', '2001-04-24', 266, 4, 1, 2984),
('2001-05-21', '2001-05-23', 188, 3, 2, 1721),
('2001-06-18', '2001-06-20', 399, 6, 3, 4664),
('2001-07-27', '2001-07-29', 210, 2, 1, 1914),
('2001-09-02', '2001-09-04', 355, 5, 2, 4322),
('2001-09-30', '2001-10-02', 266, 1, 3, 2985),
('2001-11-01', '2001-11-03', 188, 4, 1, 1722),
('2001-11-29', '2001-12-01', 399, 3, 2, 4665),
('2002-01-02', '2002-01-04', 210, 6, 3, 1915),
('2002-01-13', '2002-01-15', 355, 2, 1, 4323),
('2002-01-27', '2002-01-29', 266, 5, 2, 2986),
('2002-02-10', '2002-02-12', 188, 1, 3, 1723),
('2001-04-23', '2001-04-25', 399, 4, 1, 4666),
('2001-05-22', '2001-05-24', 210, 3, 2, 1916),
('2001-06-19', '2001-06-21', 355, 6, 3, 4324),
('2001-07-28', '2001-07-30', 266, 2, 1, 2987),
('2001-09-03', '2001-09-05', 188, 5, 2, 1724),
('2001-10-01', '2001-10-03', 399, 1, 3, 4667),
('2001-11-02', '2001-11-04', 210, 4, 1, 1917),
('2001-12-02', '2001-12-04', 355, 3, 2, 4325),
('2002-01-03', '2002-01-05', 266, 6, 3, 2988),
('2002-01-15', '2002-01-17', 188, 2, 1, 1725),
('2002-01-28', '2002-01-30', 399, 5, 2, 4668),
('2002-02-11', '2002-02-13', 210, 1, 3, 1918),
('2001-11-03', '2001-11-05', 355, 6, 3, 4326),
('2001-12-03', '2001-12-05', 266, 2, 1, 2989),
('2002-01-04', '2002-01-06', 188, 5, 2, 1726),
('2002-01-16', '2002-01-18', 399, 1, 3, 4669),
('2001-04-24', '2001-04-26', 210, 4, 1, 1919),
('2001-05-23', '2001-05-25', 355, 3, 2, 4327),
('2001-06-19', '2001-06-21', 266, 6, 3, 2990),
('2001-07-28', '2001-07-30', 188, 2, 1, 1727),
('2001-09-04', '2001-09-06', 399, 5, 2, 4670),
('2001-10-02', '2001-10-04', 210, 1, 3, 1920),
('2001-11-04', '2001-11-06', 355, 4, 1, 4328),
('2001-12-04', '2001-12-06', 266, 3, 2, 2991),
('2002-01-05', '2002-01-07', 188, 6, 3, 1728),
('2002-01-17', '2002-01-19', 399, 2, 1, 4671),
('2002-02-03', '2002-02-05', 210, 5, 2, 1921),
('2002-02-16', '2002-02-18', 355, 1, 3, 4329),
('2001-04-25', '2001-04-27', 266, 4, 1, 2992),
('2001-05-24', '2001-05-26', 188, 3, 2, 1729),
('2001-06-20', '2001-06-22', 399, 6, 3, 4672),
('2001-07-29', '2001-07-31', 210, 2, 1, 1922),
('2001-09-05', '2001-09-07', 355, 5, 2, 4330),
('2001-10-03', '2001-10-05', 266, 1, 3, 2993),
('2001-11-05', '2001-11-07', 188, 4, 1, 1730),
('2001-12-05', '2001-12-07', 399, 3, 2, 4673),
('2002-01-07', '2002-01-09', 210, 6, 3, 1923),
('2002-01-18', '2002-01-20', 355, 2, 1, 4331),
('2002-02-01', '2002-02-03', 266, 5, 2, 2994),
('2002-02-13', '2002-02-15', 188, 1, 3, 1731),
('2001-04-26', '2001-04-28', 399, 4, 1, 4674),
('2001-05-25', '2001-05-27', 210, 3, 2, 1924),
('2001-06-21', '2001-06-23', 355, 6, 3, 4332),
('2001-07-30', '2001-08-01', 266, 2, 1, 2995),
('2001-09-06', '2001-09-08', 188, 5, 2, 1732),
('2001-10-04', '2001-10-06', 399, 1, 3, 4675),
('2001-11-06', '2001-11-08', 210, 4, 1, 1925),
('2001-12-06', '2001-12-08', 355, 3, 2, 4333),
('2002-01-08', '2002-01-10', 266, 6, 3, 2996),
('2002-01-20', '2002-01-22', 188, 2, 1, 1733),
('2002-02-02', '2002-02-04', 399, 5, 2, 4676),
('2002-02-14', '2002-02-16', 210, 1, 3, 1926),
('2001-11-07', '2001-11-09', 355, 6, 3, 4334),
('2001-12-07', '2001-12-09', 266, 2, 1, 2997),
('2002-01-09', '2002-01-11', 188, 5, 2, 1734),
('2002-01-21', '2002-01-23', 399, 1, 3, 4677),
('2001-04-27', '2001-04-29', 210, 4, 1, 1927),
('2001-05-26', '2001-05-28', 355, 3, 2, 4335),
('2001-06-22', '2001-06-24', 266, 6, 3, 2998),
('2001-07-31', '2001-08-02', 188, 2, 1, 1735),
('2001-09-07', '2001-09-09', 399, 5, 2, 4678),
('2001-10-05', '2001-10-07', 210, 1, 3, 1928),
('2001-11-08', '2001-11-10', 355, 4, 1, 4336),
('2001-12-08', '2001-12-10', 266, 3, 2, 2999),
('2002-01-10', '2002-01-12', 188, 6, 3, 1736),
('2002-01-22', '2002-01-24', 399, 2, 1, 4679),
('2002-02-04', '2002-02-06', 210, 5, 2, 1929),
('2002-02-17', '2002-02-19', 355, 1, 3, 4337),
('2001-04-28', '2001-04-30', 266, 4, 1, 3000),
('2001-05-27', '2001-05-29', 188, 3, 2, 1737),
('2001-06-23', '2001-06-25', 399, 6, 3, 4680),
('2001-08-01', '2001-08-03', 210, 2, 1, 1930),
('2001-09-08', '2001-09-10', 355, 5, 2, 4338),
('2001-10-06', '2001-10-08', 266, 1, 3, 3001),
('2001-11-06', '2001-11-08', 188, 4, 1, 1738),
('2001-12-06', '2001-12-08', 399, 3, 2, 4681),
('2002-01-08', '2002-01-10', 210, 6, 3, 1931),
('2002-01-19', '2002-01-21', 355, 2, 1, 4339),
('2002-02-02', '2002-02-04', 266, 5, 2, 3002),
('2002-02-14', '2002-02-16', 188, 1, 3, 1739),
('2001-04-29', '2001-05-01', 399, 4, 1, 4682),
('2001-05-28', '2001-05-30', 210, 3, 2, 1932),
('2001-06-24', '2001-06-26', 355, 6, 3, 4340),
('2001-08-02', '2001-08-04', 266, 2, 1, 3003),
('2001-09-09', '2001-09-11', 188, 5, 2, 1740),
('2001-10-07', '2001-10-09', 399, 1, 3, 4683),
('2001-11-07', '2001-11-09', 210, 4, 1, 1933),
('2001-12-07', '2001-12-09', 355, 3, 2, 4341),
('2002-01-09', '2002-01-11', 266, 6, 3, 3004),
('2002-01-21', '2002-01-23', 188, 2, 1, 1741),
('2002-02-03', '2002-02-05', 399, 5, 2, 4684),
('2002-02-15', '2002-02-17', 210, 1, 3, 1934),
('2001-11-09', '2001-11-11', 355, 6, 3, 4342),
('2001-12-09', '2001-12-11', 266, 2, 1, 3005),
('2002-01-11', '2002-01-13', 188, 5, 2, 1742),
('2002-01-23', '2002-01-25', 399, 1, 3, 4685),
('2001-04-30', '2001-05-02', 210, 4, 1, 1935),
('2001-05-29', '2001-05-31', 355, 3, 2, 4343),
('2001-06-25', '2001-06-27', 266, 6, 3, 3006),
('2001-08-03', '2001-08-05', 188, 2, 1, 1743),
('2001-09-10', '2001-09-12', 399, 5, 2, 4686),
('2001-10-08', '2001-10-10', 210, 1, 3, 1936),
('2001-11-10', '2001-11-12', 355, 4, 1, 4344),
('2001-12-10', '2001-12-12', 266, 3, 2, 3007),
('2002-01-12', '2002-01-14', 188, 6, 3, 1744),
('2002-01-24', '2002-01-26', 399, 2, 1, 4687),
('2002-02-05', '2002-02-07', 210, 5, 2, 1937),
('2002-02-18', '2002-02-20', 355, 1, 3, 4345),
('2001-05-01', '2001-05-03', 266, 4, 1, 3008),
('2001-05-30', '2001-06-01', 188, 3, 2, 1745),
('2001-06-26', '2001-06-28', 399, 6, 3, 4688),
('2001-08-04', '2001-08-06', 210, 2, 1, 1938),
('2001-09-11', '2001-09-13', 355, 5, 2, 4346),
('2001-10-09', '2001-10-11', 266, 1, 3, 3009),
('2001-11-11', '2001-11-13', 188, 4, 1, 1746),
('2001-12-11', '2001-12-13', 399, 3, 2, 4689),
('2002-01-09', '2002-01-11', 210, 6, 3, 1939),
('2002-01-20', '2002-01-22', 355, 2, 1, 4347),
('2002-02-03', '2002-02-05', 266, 5, 2, 3010),
('2002-02-15', '2002-02-17', 188, 1, 3, 1747),
('2001-05-02', '2001-05-04', 399, 4, 1, 4690),
('2001-05-31', '2001-06-02', 210, 3, 2, 1940),
('2001-06-27', '2001-06-29', 355, 6, 3, 4348),
('2001-08-05', '2001-08-07', 266, 2, 1, 3011),
('2001-09-12', '2001-09-14', 188, 5, 2, 1748),
('2001-10-10', '2001-10-12', 399, 1, 3, 4691),
('2001-11-12', '2001-11-14', 210, 4, 1, 1941),
('2001-12-12', '2001-12-14', 355, 3, 2, 4349),
('2002-01-10', '2002-01-12', 266, 6, 3, 3012),
('2002-01-22', '2002-01-24', 188, 2, 1, 1749),
('2002-02-04', '2002-02-06', 399, 5, 2, 4692),
('2002-02-16', '2002-02-18', 210, 1, 3, 1942),
('2001-11-13', '2001-11-15', 355, 6, 3, 4350),
('2001-12-13', '2001-12-15', 266, 2, 1, 3013),
('2002-01-13', '2002-01-15', 188, 5, 2, 1750),
('2002-01-25', '2002-01-27', 399, 1, 3, 4693),
('2001-05-03', '2001-05-05', 210, 4, 1, 1943),
('2001-06-01', '2001-06-03', 355, 3, 2, 4351),
('2001-06-28', '2001-06-30', 266, 6, 3, 3014),
('2001-08-06', '2001-08-08', 188, 2, 1, 1751),
('2001-09-13', '2001-09-15', 399, 5, 2, 4694),
('2001-10-11', '2001-10-13', 210, 1, 3, 1944),
('2001-11-14', '2001-11-16', 355, 4, 1, 4352),
('2001-12-14', '2001-12-16', 266, 3, 2, 3015),
('2002-01-14', '2002-01-16', 188, 6, 3, 1752),
('2002-01-26', '2002-01-28', 399, 2, 1, 4695),
('2002-02-07', '2002-02-09', 210, 5, 2, 1945),
('2002-02-20', '2002-02-22', 355, 1, 3, 4353),
('2001-05-04', '2001-05-06', 266, 4, 1, 3016),
('2001-06-02', '2001-06-04', 188, 3, 2, 1753),
('2001-06-29', '2001-07-01', 399, 6, 3, 4696),
('2001-08-07', '2001-08-09', 210, 2, 1, 1946),
('2001-09-14', '2001-09-16', 355, 5, 2, 4354),
('2001-10-12', '2001-10-14', 266, 1, 3, 3017),
('2001-11-12', '2001-11-14', 188, 4, 1, 1754),
('2001-12-12', '2001-12-14', 399, 3, 2, 4697),
('2002-01-10', '2002-01-12', 210, 6, 3, 1947),
('2002-01-21', '2002-01-23', 355, 2, 1, 4355),
('2002-02-04', '2002-02-06', 266, 5, 2, 3018),
('2002-02-16', '2002-02-18', 188, 1, 3, 1755),
('2001-05-05', '2001-05-07', 399, 4, 1, 4698),
('2001-06-03', '2001-06-05', 210, 3, 2, 1948),
('2001-06-30', '2001-07-02', 355, 6, 3, 4356),
('2001-08-08', '2001-08-10', 266, 2, 1, 3019),
('2001-09-15', '2001-09-17', 188, 5, 2, 1756),
('2001-10-13', '2001-10-15', 399, 1, 3, 4699),
('2001-11-13', '2001-11-15', 210, 4, 1, 1949),
('2001-12-13', '2001-12-15', 355, 3, 2, 4357),
('2002-01-11', '2002-01-13', 266, 6, 3, 3020),
('2002-01-23', '2002-01-25', 188, 2, 1, 1757),
('2002-02-05', '2002-02-07', 399, 5, 2, 4700),
('2002-02-17', '2002-02-19', 210, 1, 3, 1950);

-- --------------------------------------------------------

--
-- Tábla szerkezet ehhez a táblához `szerelo`
--

CREATE TABLE `szerelo` (
  `az` int(11) NOT NULL,
  `nev` varchar(100) NOT NULL,
  `kezdev` int(11) NOT NULL
) ENGINE=InnoDB DEFAULT CHARSET=utf8mb4 COLLATE=utf8mb4_general_ci;

--
-- A tábla adatainak kiíratása `szerelo`
--

INSERT INTO `szerelo` (`az`, `nev`, `kezdev`) VALUES
(1, 'Tornyos Pál', 1979),
(2, 'Kormos István', 1981),
(3, 'Fodor László', 1983),
(4, 'Szabó Mihály', 1975),
(5, 'Szabó György', 2000),
(6, 'Erdei Imre', 1988);

--
-- Indexek a kiírt táblákhoz
--

--
-- A tábla indexei `hely`
--
ALTER TABLE `hely`
  ADD PRIMARY KEY (`az`);

--
-- A tábla indexei `munkalap`
--
ALTER TABLE `munkalap`
  ADD KEY `szerelokulcs` (`szereloaz`),
  ADD KEY `helykulcs` (`helyaz`);

--
-- A tábla indexei `szerelo`
--
ALTER TABLE `szerelo`
  ADD PRIMARY KEY (`az`);

--
-- Megkötések a kiírt táblákhoz
--

--
-- Megkötések a táblához `munkalap`
--
ALTER TABLE `munkalap`
  ADD CONSTRAINT `helykulcs` FOREIGN KEY (`helyaz`) REFERENCES `hely` (`az`),
  ADD CONSTRAINT `szerelokulcs` FOREIGN KEY (`szereloaz`) REFERENCES `szerelo` (`az`);
COMMIT;

/*!40101 SET CHARACTER_SET_CLIENT=@OLD_CHARACTER_SET_CLIENT */;
/*!40101 SET CHARACTER_SET_RESULTS=@OLD_CHARACTER_SET_RESULTS */;
/*!40101 SET COLLATION_CONNECTION=@OLD_COLLATION_CONNECTION */;
